t,x,y
0.000000000000000000e+00,0.000000000000000000e+00,0.000000000000000000e+00
2.000000000000000111e-01,3.915141967920442168e-02,1.012141800964017208e-01
4.000000000000000222e-01,8.441182937032969125e-02,2.048468921635635820e-01
6.000000000000000888e-01,1.354925746755324956e-01,3.108687310902328860e-01
8.000000000000000444e-01,1.921096933100360227e-01,4.192309528966196019e-01
1.000000000000000000e+00,2.539862136444920870e-01,5.298658692941968784e-01
1.200000000000000178e+00,3.208543966612453224e-01,6.426873955908528613e-01
1.400000000000000133e+00,3.924579031769078741e-01,7.575917475063544959e-01
1.600000000000000089e+00,4.685538687885893450e-01,8.744582812577315067e-01
1.800000000000000044e+00,5.489148697480570327e-01,9.931504701144759917e-01
2.000000000000000000e+00,6.333307638509934057e-01,1.113517009518800727e+00
2.200000000000000178e+00,7.216103914402083319e-01,1.235393041825523897e+00
2.400000000000000355e+00,8.135831227539791488e-01,1.358601490747878282e+00
2.600000000000000089e+00,9.091002390944543654e-01,1.482954494707531046e+00
2.800000000000000266e+00,1.008036136636206503e+00,1.608254927486513441e+00
3.000000000000000000e+00,1.110289343130663742e+00,1.734297993872087496e+00
3.200000000000000178e+00,1.215783339276674813e+00,1.860872887378556495e+00
3.400000000000000355e+00,1.324467178108590604e+00,1.987764496627522970e+00
3.600000000000000089e+00,1.436315897388209750e+00,2.114755146574251121e+00
3.800000000000000266e+00,1.551330721662463441e+00,2.241626360485713398e+00
4.000000000000000000e+00,1.669539052351278086e+00,2.368160628407926183e+00
4.200000000000000178e+00,1.790994245945852104e+00,2.494143167807664874e+00
4.400000000000000355e+00,1.915775182112724018e+00,2.619363662136974913e+00
4.600000000000000533e+00,2.043985625199631340e+00,2.743617963247616309e+00
4.800000000000000711e+00,2.175753384311473582e+00,2.866709743875184291e+00
5.000000000000000000e+00,2.311229278755168259e+00,2.988452086816821840e+00
5.200000000000000178e+00,2.450585917227650512e+00,3.108668997938870859e+00
5.400000000000000355e+00,2.594016300628906091e+00,3.227196830767363522e+00
5.600000000000000533e+00,2.741732259809633199e+00,3.343885611129967295e+00
5.800000000000000711e+00,2.893962740899222119e+00,3.458600251127019298e+00
6.000000000000000000e+00,3.050951952093531983e+00,3.571221642605118429e+00
6.200000000000000178e+00,3.212957386903356749e+00,3.681647621282120753e+00
6.400000000000000355e+00,3.380247739864444600e+00,3.789793793719392845e+00
6.600000000000000533e+00,3.553100731580459026e+00,3.895594220447365252e+00
6.800000000000000711e+00,3.731800860704108214e+00,3.999001949714814153e+00
7.000000000000000000e+00,3.916637101053140668e+00,4.099989397541402347e+00
7.200000000000000178e+00,4.107900562501956898e+00,4.198548570997148843e+00
7.400000000000000355e+00,4.305882134582839527e+00,4.294691132901469643e+00
7.600000000000000533e+00,4.510870131870751365e+00,4.388448307418089556e+00
7.800000000000000711e+00,4.723147960211213636e+00,4.479870627309991526e+00
8.000000000000000000e+00,4.942991822682059500e+00,4.569027524900244330e+00
8.200000000000001066e+00,5.170668483858238851e+00,4.656006770049710752e+00
8.400000000000000355e+00,5.406433110476894122e+00,4.740913759700918995e+00
8.599999999999999645e+00,5.650527205981552115e+00,4.823870664738940661e+00
8.800000000000000711e+00,5.903176655664280403e+00,4.905015441075001092e+00
9.000000000000000000e+00,6.164589898229522191e+00,4.984500712957672164e+00
9.200000000000001066e+00,6.434956238579923493e+00,5.062492537550709493e+00
9.400000000000000355e+00,6.714444315481360448e+00,5.139169060777693865e+00
9.600000000000001421e+00,7.003200736510727609e+00,5.214719075313804630e+00
9.800000000000000711e+00,7.301348891335915248e+00,5.289340492397090365e+00
1.000000000000000000e+01,7.608987952933961019e+00,5.363238739829234270e+00
