t,x,y,vx,vy,v,theta,theta_u,omega
0,0,0,0.195757,0.506071,0.542613,1.20171,1.20171,-0.108898
0.2,0.0391514,0.101214,0.21103,0.512117,0.553893,1.17993,1.17993,-0.154136
0.4,0.0844118,0.204847,0.240853,0.524136,0.576827,1.14005,1.14005,-0.186657
0.6,0.135493,0.310869,0.269245,0.53596,0.599788,1.10526,1.10526,-0.163048
0.8,0.19211,0.419231,0.296234,0.547493,0.622497,1.07483,1.07483,-0.142914
1,0.253986,0.529866,0.321862,0.558641,0.644729,1.0481,1.0481,-0.125907
1.2,0.320854,0.642687,0.346179,0.569315,0.666303,1.02447,1.02447,-0.111679
1.4,0.392458,0.757592,0.369249,0.579427,0.687081,1.00343,1.00343,-0.0999062
1.6,0.468554,0.874458,0.391142,0.588897,0.70696,0.984507,0.984507,-0.0903007
1.8,0.548915,0.99315,0.411942,0.597647,0.725864,0.967306,0.967306,-0.0826097
2,0.633331,1.11352,0.431739,0.605606,0.743746,0.951463,0.951463,-0.0766157
2.2,0.72161,1.23539,0.450631,0.612711,0.760581,0.936659,0.936659,-0.0721324
2.4,0.813583,1.3586,0.468725,0.618904,0.776366,0.92261,0.92261,-0.0689996
2.6,0.9091,1.48295,0.486133,0.624134,0.791118,0.909059,0.909059,-0.0670794
2.8,1.00804,1.60825,0.502973,0.628359,0.80487,0.895778,0.895778,-0.066251
3,1.11029,1.7343,0.519368,0.631545,0.817675,0.882559,0.882559,-0.0664071
3.2,1.21578,1.86087,0.535445,0.633666,0.829599,0.869215,0.869215,-0.0674495
3.4,1.32447,1.98776,0.551331,0.634706,0.840724,0.855579,0.855579,-0.0692862
3.6,1.43632,2.11476,0.567159,0.634655,0.85115,0.841501,0.841501,-0.0718276
3.8,1.55133,2.24163,0.583058,0.633514,0.860986,0.826848,0.826848,-0.0749841
4,1.66954,2.36816,0.599159,0.631292,0.870357,0.811507,0.811507,-0.0786635
4.2,1.79099,2.49414,0.61559,0.628008,0.8794,0.795383,0.795383,-0.082769
4.4,1.91578,2.61936,0.632478,0.623687,0.888265,0.7784,0.7784,-0.0871974
4.6,2.04399,2.74362,0.649946,0.618365,0.897109,0.760504,0.760504,-0.0918388
4.8,2.17575,2.86671,0.668109,0.612085,0.906101,0.741664,0.741664,-0.0965759
5,2.31123,2.98845,0.687081,0.604898,0.915414,0.721873,0.721873,-0.101285
5.2,2.45059,3.10867,0.706968,0.596862,0.925228,0.70115,0.70115,-0.105838
5.4,2.59402,3.2272,0.727866,0.588042,0.935725,0.679538,0.679538,-0.110104
5.6,2.74173,3.34389,0.749866,0.578509,0.947086,0.657109,0.657109,-0.113954
5.8,2.89396,3.4586,0.773049,0.56834,0.959487,0.633957,0.633957,-0.117266
6,3.05095,3.57122,0.797487,0.557618,0.9731,0.610202,0.610202,-0.11993
6.2,3.21296,3.68165,0.823239,0.54643,0.988084,0.585985,0.585985,-0.121848
6.4,3.38025,3.78979,0.850358,0.534866,1.00459,0.561463,0.561463,-0.122946
6.6,3.5531,3.89559,0.878883,0.52302,1.02273,0.536806,0.536806,-0.123175
6.8,3.7318,3.999,0.908841,0.510988,1.04264,0.512193,0.512193,-0.122511
7,3.91664,4.09999,0.940249,0.498867,1.06439,0.487802,0.487802,-0.120956
7.2,4.1079,4.19855,0.973113,0.486754,1.08806,0.46381,0.46381,-0.118543
7.4,4.30588,4.29469,1.00742,0.474749,1.11368,0.440385,0.440385,-0.115326
7.6,4.51087,4.38845,1.04316,0.462949,1.14128,0.41768,0.41768,-0.11138
7.8,4.72315,4.47987,1.0803,0.451448,1.17084,0.395833,0.395833,-0.106796
8,4.94299,4.56903,1.1188,0.44034,1.20234,0.374962,0.374962,-0.101673
8.2,5.17067,4.65601,1.1586,0.429716,1.23573,0.355163,0.355163,-0.0961193
8.4,5.40643,4.74091,1.19965,0.41966,1.27093,0.336514,0.336514,-0.0902396
8.6,5.65053,4.82387,1.24186,0.410254,1.30787,0.319068,0.319068,-0.0841371
8.8,5.90318,4.90502,1.28516,0.401575,1.34644,0.302859,0.302859,-0.0779074
9,6.16459,4.9845,1.32945,0.393693,1.38652,0.287905,0.287905,-0.0716373
9.2,6.43496,5.06249,1.37464,0.386671,1.42798,0.274204,0.274204,-0.0654032
9.4,6.71444,5.13917,1.42061,0.380566,1.4707,0.261743,0.261743,-0.0592706
9.6,7.0032,5.21472,1.46726,0.375429,1.51453,0.250496,0.250496,-0.0532939
9.8,7.30135,5.28934,1.51447,0.371299,1.55932,0.240426,0.240426,-0.036879
10,7.60899,5.36324,1.5382,0.369491,1.58195,0.235744,0.235744,-0.0234072
